name,origin,branch,since,h5_index,h5_median,english,subfield,issues
Journal of Bears,Americas,Physical,1959,73,97,1,1,7
Journal of Moon,Asia,Social,1956,72,106,1,0,6
Journal of Lumber,Americas,Physical,1990,72,100,1,1,8
Journal of Houses,Europe,Social,1982,72,102,1,0,8
Journal of Water,Europe,Social,1987,70,100,1,0,5
Journal of Jeans,Americas,Physical,1956,69,101,1,1,5
Journal of Air,Americas,Physical,1985,69,100,1,0,5
Journal of Ants,Americas,Formal,1959,69,102,1,0,4
Journal of Throne,Europe,Physical,1953,68,105,1,0,6
Journal of Things,Americas,Physical,1989,67,104,1,0,3
Journal of Shame,Europe,Formal,1950,67,102,1,1,3
Journal of Son,Asia,Social,1899,65,96,1,0,8
Journal of Chicken,Americas,Social,1955,64,109,1,0,4
Journal of Scale,Europe,Life,1986,64,101,1,0,4
Journal of Toy,Americas,Social,1993,63,103,1,0,5
Journal of Earthquake,Europe,Social,1902,61,92,1,0,8
Journal of Value,Europe,Formal,2011,59,93,1,1,4
Journal of Bike,Asia,Formal,2007,59,92,1,1,7
Journal of Copper,Americas,Formal,1994,58,76,1,1,8
Journal of House,Americas,Formal,1906,58,88,1,0,5
Journal of Ornament,Americas,Social,1992,57,66,1,1,6
Journal of Feather,Africa,Formal,1907,56,84,1,1,4
Journal of Coast,Americas,Social,1909,56,85,1,0,6
Journal of Middle,Europe,Life,2005,56,79,1,0,7
Journal of Drink,Americas,Life,2008,55,90,1,0,3
Journal of Ear,Europe,Formal,2009,55,81,1,0,5
Journal of Goldfish,Americas,Physical,2007,55,92,1,1,3
Journal of Border,Europe,Physical,1990,55,67,1,1,4
Journal of Basket,Europe,Formal,2003,55,80,1,0,4
Journal of Direction,Europe,Social,1971,55,83,1,0,6
Journal of Guitar,Americas,Life,1953,55,74,1,0,8
Journal of Sort,Americas,Life,1918,54,73,1,0,6
Journal of Horses,Americas,Physical,1970,54,72,1,1,3
Journal of Tent,Americas,Formal,1954,54,72,1,1,7
Journal of Tooth,Americas,Life,1921,54,67,1,1,4
Journal of Trade,Americas,Physical,1994,54,86,1,0,9
Journal of Box,Asia,Formal,2007,53,93,1,0,5
Journal of Brush,Americas,Life,1907,53,86,1,1,5
Journal of Voice,Asia,Life,1994,53,71,1,1,12
Journal of Sand,Europe,Life,2008,53,91,1,0,8
Journal of Church,Asia,Life,2009,53,81,1,0,4
Journal of Waste,Europe,Physical,2007,53,77,1,0,3
Journal of Soap,Asia,Formal,1893,52,73,1,1,3
Journal of Slope,Asia,Formal,1969,52,65,1,0,4
Journal of Boat,Europe,Life,2004,52,80,1,0,3
Journal of Thread,Europe,Social,1909,52,84,1,1,9
Journal of Opinion,Americas,Physical,2008,52,89,1,0,3
Journal of Beef,Asia,Social,1970,52,82,1,1,9
Journal of Example,Europe,Social,1995,52,77,1,0,6
Journal of Furniture,Europe,Formal,1959,51,78,1,0,3
Journal of Bean,Americas,Physical,1954,51,69,1,0,4
Journal of Shade,Europe,Life,1994,51,80,1,0,8
Journal of Sheet,Europe,Formal,1968,51,68,1,1,6
Journal of Eye,Africa,Physical,2005,51,79,1,1,8
Journal of Bed,Americas,Social,1933,51,68,1,0,4
Journal of Toad,Africa,Formal,1993,51,67,1,0,4
Journal of Cream,Asia,Life,1992,51,77,1,0,8
Journal of Act,Americas,Formal,1965,51,74,1,0,7
Journal of Books,Asia,Physical,1992,51,84,1,0,12
Journal of Orange,Europe,Life,1949,51,73,1,1,3
Journal of Father,Americas,Life,1963,50,72,1,0,6
Journal of Mint,Americas,Life,1939,50,72,1,1,6
Journal of Tiger,Europe,Social,1914,50,71,1,1,6
Journal of Rabbit,Asia,Formal,1998,50,78,1,1,4
Journal of Detail,Europe,Formal,1956,50,76,1,1,7
Journal of Jump,Americas,Formal,1937,50,71,1,0,2
Journal of Frogs,Europe,Formal,1998,50,69,1,0,7
Journal of Pigs,Americas,Life,1967,50,66,1,1,3
Journal of Range,Asia,Formal,1968,50,69,1,1,12
Journal of Country,Europe,Life,1948,50,75,1,1,7
Journal of Silk,Asia,Life,1973,50,77,1,0,4
Journal of Stop,Americas,Formal,1937,50,76,1,1,3
Journal of Children,Europe,Social,1957,50,76,1,1,6
Journal of Man,Americas,Social,1971,49,68,1,0,4
Journal of Word,Europe,Physical,2002,49,64,1,1,4
Journal of Plough,Americas,Physical,1893,49,70,1,0,6
Journal of Bottle,Americas,Life,1989,49,64,1,1,3
Journal of Baby,Europe,Formal,1972,49,76,1,1,2
Journal of Blow,Europe,Physical,2003,49,68,1,1,5
Journal of Straw,Americas,Life,1933,49,75,1,1,6
Journal of Dinosaurs,Americas,Physical,1951,49,79,1,1,5
Journal of Believe,Americas,Social,2006,49,81,1,1,5
Journal of Existence,Europe,Formal,1993,49,74,1,0,4
Journal of Disease,Americas,Physical,1908,49,69,1,0,6
Journal of Pies,Africa,Social,1895,49,70,1,0,5
Journal of Calendar,Europe,Social,1945,49,79,1,0,4
Journal of Afterthought,Asia,Physical,1980,49,65,1,0,7
Journal of Price,Africa,Social,1952,49,70,1,1,4
Journal of Snakes,Asia,Formal,2006,48,75,1,0,4
Journal of Magic,Americas,Life,1993,48,76,1,0,7
Journal of Side,Asia,Formal,1962,48,74,1,0,3
Journal of Hobbies,Asia,Physical,1972,48,72,1,0,5
Journal of Oil,Europe,Physical,1992,48,77,1,0,6
Journal of Kittens,Asia,Social,1980,48,65,1,0,3
Journal of Rock,Asia,Social,1971,48,80,1,0,4
Journal of Rat,Asia,Life,1962,48,71,1,0,2
Journal of Mark,Asia,Social,1971,48,67,1,1,3
Journal of Snails,Europe,Physical,1993,48,72,1,0,4
Journal of Notebook,Europe,Life,2004,48,65,1,0,6
Journal of Bird,Americas,Physical,1941,48,72,1,1,8
Journal of Flavor,Europe,Physical,1982,47,63,1,1,12
Journal of Net,Americas,Life,1965,47,70,1,0,7
Journal of Cord,Europe,Formal,1998,47,84,1,0,5
Journal of Mountain,Asia,Social,2002,47,68,1,0,4
Journal of Horn,Americas,Life,1952,47,68,1,1,3
Journal of Farm,Asia,Physical,1945,47,69,1,0,4
Journal of Quill,Americas,Formal,1953,47,73,1,0,4
Journal of Smile,Europe,Formal,1981,47,64,1,1,7
Journal of Nest,Asia,Formal,1996,46,79,1,1,4
Journal of Destruction,Asia,Physical,1982,46,66,1,1,5
Journal of Salt,Asia,Formal,1965,46,72,1,0,4
Journal of Railway,Americas,Physical,1974,46,75,1,0,8
Journal of Skirt,Europe,Physical,1960,46,70,1,0,4
Journal of Cap,Americas,Physical,1991,46,68,1,1,5
Journal of Insect,Asia,Formal,2002,46,79,1,0,3
Journal of Steam,Europe,Social,1981,46,69,1,0,5
Journal of Fang,Americas,Physical,1967,46,76,1,0,12
Journal of Clouds,Americas,Social,1949,46,69,1,1,3
Journal of Sister,Oceania,Physical,1963,46,68,1,1,3
Journal of Pump,Americas,Life,1998,46,71,1,1,8
Journal of Balloon,Americas,Physical,1997,46,68,1,0,3
Journal of Spy,Europe,Social,1955,46,68,1,1,4
Journal of Breakfast,Europe,Social,1954,46,52,1,0,4
Journal of Liquid,Americas,Formal,1965,46,67,1,1,6
Journal of Ring,Americas,Physical,2001,46,66,1,1,4
Journal of Cat,Americas,Life,1911,46,71,1,1,6
Journal of Thrill,Americas,Formal,1936,46,73,1,1,9
Journal of Alley,Europe,Physical,1946,45,79,1,1,12
Journal of Trick,Americas,Physical,1948,45,57,1,0,4
Journal of Song,Europe,Formal,1948,45,68,1,1,5
Journal of Army,Americas,Social,1905,45,73,1,1,4
Journal of Decision,Europe,Social,1890,45,66,1,1,4
Journal of Turn,Africa,Formal,1991,45,72,1,0,2
Journal of Meat,Europe,Physical,1895,45,67,1,0,5
Journal of Memory,Europe,Physical,1959,45,71,1,0,6
Journal of Tail,Europe,Life,1996,44,56,1,1,4
Journal of System,Americas,Life,1935,44,50,1,1,7
Journal of Spoon,Europe,Social,1995,44,55,1,1,5
Journal of Pets,Asia,Life,1970,44,76,1,0,3
Journal of Pull,Europe,Formal,2010,44,52,1,1,6
Journal of Cobweb,Europe,Life,1997,44,60,1,0,4
Journal of Connection,Europe,Social,1977,44,68,1,0,4
Journal of Story,Americas,Life,1969,44,67,1,0,6
Journal of Writer,Americas,Social,1971,44,69,1,0,8
Journal of Balance,Americas,Life,2006,44,75,1,0,5
Journal of Walk,Europe,Physical,1979,44,66,1,0,6
Journal of Paste,Oceania,Formal,1981,44,71,1,0,7
Journal of Iron,Asia,Formal,1969,44,69,1,0,3
Journal of Pancake,Europe,Life,1994,44,68,1,1,6
Journal of Crook,Europe,Formal,1980,44,63,1,1,4
Journal of Brothers,Americas,Social,1980,44,67,1,1,3
Journal of Bun,Americas,Formal,1969,44,79,1,0,6
Journal of Distance,Europe,Formal,1982,44,63,1,1,5
Journal of Grandfather,Africa,Physical,2007,44,65,1,1,4
Journal of Room,Oceania,Formal,1975,44,54,1,1,4
Journal of Smash,Asia,Social,1990,43,71,1,1,6
Journal of Operation,Europe,Social,1993,43,67,1,1,5
Journal of Nerve,Asia,Life,1958,43,69,1,0,4
Journal of Stove,Americas,Physical,1946,43,71,1,1,4
Journal of Twist,Europe,Life,1956,43,72,1,0,5
Journal of Cart,Oceania,Life,1980,43,69,1,0,5
Journal of Stomach,Asia,Social,1965,43,75,1,0,4
Journal of Hose,Europe,Physical,1908,42,67,1,1,5
Journal of Dog,Europe,Life,1990,42,67,1,0,4
Journal of Carpenter,Americas,Life,1964,42,76,1,0,2
Journal of Leaf,Africa,Life,1977,42,61,1,1,8
Journal of Throat,Americas,Life,1957,42,59,1,0,7
Journal of Look,Europe,Formal,1958,42,75,1,0,3
Journal of Part,Asia,Life,1994,42,69,1,0,6
Journal of Root,Europe,Formal,1982,42,69,1,0,9
Journal of Run,Europe,Social,2004,42,65,1,1,4
Journal of Riddle,Europe,Formal,1986,42,68,1,0,2
Journal of Vacation,Asia,Physical,1996,42,63,1,1,5
Journal of Airport,Europe,Social,1977,42,59,1,1,4
Journal of Play,Americas,Social,1951,41,65,1,0,6
Journal of Trip,Oceania,Life,1993,41,53,1,0,8
Journal of Store,Asia,Formal,1956,41,58,1,1,3
Journal of Cactus,Americas,Life,1984,41,65,1,1,8
Journal of Paper,Africa,Life,1997,41,71,1,0,4
Journal of Clam,Asia,Social,1998,41,65,1,1,5
Journal of Fifth,Europe,Life,1995,41,62,1,0,4
Journal of Earth,Europe,Social,2003,41,77,1,0,6
Journal of Cup,Americas,Physical,1997,41,69,1,0,7
Journal of Stitch,Asia,Physical,1979,41,64,1,0,6
Journal of Parent,Europe,Formal,1957,41,59,1,1,5
Journal of Boats,Americas,Life,1977,41,62,1,1,4
Journal of Engine,Americas,Life,1984,41,52,1,1,4
Journal of Expansion,Americas,Social,1954,41,59,1,1,6
Journal of Knot,Europe,Formal,1959,41,73,1,0,7
Journal of Day,Asia,Formal,1978,41,58,1,1,6
Journal of Chain,Oceania,Social,1990,41,66,1,1,3
Journal of Attempt,Europe,Social,1998,41,58,1,1,3
Journal of Shake,Asia,Physical,1920,41,62,1,1,4
Journal of Disgust,Europe,Physical,1923,40,63,1,1,5
Journal of Brother,Americas,Life,1962,40,78,1,1,3
Journal of Appliance,Americas,Life,1938,40,48,1,1,4
Journal of Rail,Africa,Life,1956,40,72,1,1,5
Journal of Quarter,Europe,Physical,1989,40,67,1,0,6
Journal of Picture,Asia,Life,2004,40,57,1,1,8
Journal of Owner,Europe,Formal,1951,40,56,1,0,3
Journal of Beam,Americas,Physical,1977,40,66,1,0,4
Journal of Tomatoes,Americas,Physical,1997,40,56,1,0,6
Journal of Drug,Asia,Life,1997,40,45,1,1,6
Journal of Experience,Europe,Social,1919,40,64,1,0,4
Journal of Turkey,Africa,Social,1960,40,60,1,1,5
Journal of Scarecrow,Americas,Life,1958,40,77,1,0,4
Journal of Party,Asia,Social,1976,40,60,1,1,12
Journal of Sign,Americas,Formal,1978,40,56,1,1,5
Journal of Library,Americas,Physical,1953,39,57,1,1,6
Journal of Flight,Europe,Social,1953,39,63,1,1,4
Journal of Sheep,Africa,Physical,1958,39,75,1,1,4
Journal of Carriage,Americas,Physical,1954,39,49,1,1,6
Journal of Boot,Americas,Formal,1994,39,65,1,1,8
Journal of Note,Europe,Physical,1975,39,64,1,1,12
Journal of Competition,Asia,Social,1992,39,52,1,1,8
Journal of Crib,Asia,Life,1975,39,66,1,0,8
Journal of Lip,Americas,Life,1973,39,63,1,0,2
Journal of Secretary,Americas,Formal,1979,39,56,1,1,6
Journal of Boundary,Europe,Social,1982,38,50,1,0,3
Journal of Wire,Europe,Social,1980,38,56,1,1,5
Journal of Glue,Americas,Life,2006,38,55,1,0,5
Journal of Yak,Asia,Formal,1975,38,55,1,0,4
Journal of Muscle,Americas,Social,1955,38,60,1,1,5
Journal of Bedroom,Americas,Formal,1927,38,59,1,0,4
Journal of Knife,Europe,Life,1965,38,74,1,0,3
Journal of Talk,Americas,Life,1983,38,52,1,1,5
Journal of Reason,Asia,Life,1975,38,49,1,0,6
Journal of Lawyer,Americas,Life,1988,38,52,1,1,8
Journal of Stem,Americas,Life,1962,38,78,1,0,4
Journal of Loss,Europe,Formal,1986,38,70,1,1,6
Journal of Woman,Americas,Social,1981,38,46,1,1,4
Journal of Lamp,Africa,Physical,1991,38,47,1,1,6
Journal of Crow,Oceania,Formal,1979,38,56,1,1,8
Journal of Limit,Europe,Formal,1955,38,55,1,1,3
Journal of Order,Europe,Physical,1994,37,62,1,0,5
Journal of Fear,Europe,Physical,1927,37,61,1,1,4
Journal of Poison,Europe,Physical,1997,37,42,1,1,3
Journal of Shirt,Europe,Life,1987,37,70,1,1,4
Journal of Channel,Asia,Formal,1984,37,53,1,1,4
Journal of Wish,Europe,Physical,1977,37,46,1,1,6
Journal of Rings,Europe,Life,1984,37,50,1,0,6
Journal of Steel,Europe,Life,1982,37,58,1,0,4
Journal of Head,Europe,Life,1993,37,49,1,1,3
Journal of Fire,Europe,Physical,1982,37,39,1,1,5
Journal of Duck,Americas,Life,1990,37,59,1,1,9
Journal of Board,Americas,Social,1992,37,49,1,0,4
Journal of Watch,Asia,Physical,1999,37,68,1,1,9
Journal of Grass,Americas,Social,1976,37,61,1,0,7
Journal of Bag,Europe,Formal,1985,37,47,1,0,5
Journal of Hope,Oceania,Life,1989,37,55,1,1,5
Journal of Insurance,Europe,Physical,1988,37,52,1,0,4
Journal of Mailbox,Europe,Formal,1987,36,49,1,0,3
Journal of Drop,Europe,Physical,1990,36,47,1,0,8
Journal of Town,Europe,Formal,1980,36,48,1,0,6
Journal of Shock,Africa,Life,1995,36,53,1,1,3
Journal of Winter,Americas,Social,1979,36,50,1,0,3
Journal of Page,Europe,Social,1978,36,48,1,0,8
Journal of Banana,Europe,Formal,1940,36,45,1,1,4
Journal of Protest,Europe,Social,1971,36,50,1,1,5
Journal of Baseball,Americas,Physical,1998,36,51,1,1,7
Journal of Stocking,Americas,Formal,1993,36,59,1,1,7
Journal of Record,Asia,Life,1986,36,53,1,0,7
Journal of Mine,Americas,Social,1979,36,70,1,0,9
Journal of Cows,Europe,Life,2000,36,45,1,1,9
Journal of Songs,Americas,Life,1985,36,57,1,0,6
Journal of Cracker,Americas,Formal,1993,36,45,1,0,4
Journal of Trousers,Europe,Life,1992,36,51,1,1,3
Journal of Ink,Europe,Social,1994,36,36,1,1,4
Journal of Account,Americas,Life,1997,36,43,1,0,5
Journal of Level,Americas,Physical,1994,36,47,1,1,5
Journal of Quicksand,Europe,Social,1973,35,48,1,0,5
Journal of Circle,Americas,Physical,1981,35,44,1,1,6
Journal of Sugar,Asia,Physical,1936,35,45,1,1,4
Journal of Coal,Europe,Social,1979,35,48,1,0,5
Journal of Base,Americas,Physical,1991,35,50,1,0,5
Journal of Hands,Americas,Life,1987,35,55,1,0,4
Journal of Hat,Europe,Life,1985,35,48,1,1,4
Journal of Bell,Europe,Physical,1952,35,63,1,1,5
Journal of Observation,Europe,Life,1993,35,56,1,0,4
Journal of Produce,Africa,Physical,1944,35,63,1,1,5
Journal of Polish,Americas,Social,1995,35,41,1,1,6
Journal of Division,Europe,Life,1944,35,44,1,1,5
Journal of Soda,Asia,Formal,1972,35,52,1,1,3
Journal of Meeting,Europe,Life,2006,35,49,1,0,7
Journal of Front,Americas,Social,1950,35,65,1,1,4
Journal of Screw,Oceania,Physical,1994,35,41,1,1,3
Journal of Trucks,Europe,Life,1951,35,67,1,1,3
Journal of Quiet,Americas,Formal,1984,35,49,1,1,4
Journal of Reward,Americas,Life,1981,35,53,1,0,4
Journal of Rod,Africa,Formal,1994,35,65,1,0,5
Journal of Ray,Africa,Life,1945,34,60,1,1,8
Journal of Umbrella,Americas,Social,1948,34,64,1,1,7
Journal of Geese,Americas,Social,1948,34,43,1,1,4
Journal of Comfort,Americas,Life,1995,34,50,1,1,3
Journal of Sweater,Asia,Life,1956,34,67,1,1,9
Journal of Interest,Africa,Life,1946,34,48,1,0,5
Journal of Kite,Europe,Formal,1992,34,49,1,1,8
Journal of Profit,Europe,Social,1988,34,40,1,0,4
Journal of Answer,Asia,Life,1995,34,38,1,1,5
Journal of Leather,Africa,Life,1948,34,44,1,1,6
Journal of Stretch,Europe,Formal,1986,34,55,1,1,4
Journal of Bead,Americas,Life,1996,34,44,1,1,3
Journal of Pail,Americas,Life,1982,34,50,1,0,2
Journal of Canvas,Americas,Life,1982,34,52,1,0,5
Journal of Driving,Oceania,Physical,1975,34,46,1,0,4
Journal of Egg,Asia,Life,1996,34,40,1,1,12
Journal of Desire,Americas,Life,1985,34,50,1,1,3
Journal of Wheel,Europe,Physical,1950,33,42,1,1,6
Journal of Swing,Asia,Life,1990,33,60,1,0,2
Journal of Move,Europe,Life,1993,33,45,1,1,6
Journal of Advice,Americas,Formal,1950,33,43,1,1,7
Journal of Fiction,Americas,Social,1992,33,49,1,1,5
Journal of Girl,Asia,Social,1937,33,46,1,1,3
Journal of Veil,Europe,Social,1989,33,61,1,1,6
Journal of Increase,Europe,Life,1987,33,44,1,1,5
Journal of Cloth,Americas,Social,1981,33,48,1,0,3
Journal of Flower,Asia,Formal,1935,33,45,1,1,4
Journal of Table,Americas,Physical,2007,33,49,1,1,3
Journal of Shoes,Americas,Formal,1986,33,52,1,1,6
Journal of Amusement,Americas,Social,2011,33,46,1,1,5
Journal of Fact,Americas,Social,1984,33,42,1,1,4
Journal of Can,Europe,Social,1948,33,65,1,1,5
Journal of Frame,Asia,Social,1981,33,45,1,1,5
Journal of Cellar,Asia,Formal,1980,33,41,1,1,5
Journal of Rule,Asia,Physical,1993,33,57,1,0,4
Journal of Toys,Europe,Physical,1999,33,40,1,1,3
Journal of Quilt,Europe,Social,1947,32,46,1,1,5
Journal of Map,Africa,Physical,1999,32,42,1,1,6
Journal of Year,Americas,Formal,1990,32,58,1,1,6
Journal of Goose,Africa,Physical,1977,32,51,1,1,4
Journal of Robin,Europe,Life,1972,32,53,1,0,6
Journal of Worm,Americas,Physical,1983,32,45,1,1,6
Journal of Horse,Oceania,Life,1989,32,43,1,1,4
Journal of Selection,Asia,Life,1989,32,51,1,0,4
Journal of Belief,Oceania,Physical,1981,32,54,1,0,7
Journal of Sisters,Africa,Life,2003,32,37,1,1,3
Journal of Cheese,Europe,Social,1936,32,49,1,1,4
Journal of Skate,Africa,Physical,1962,32,31,1,1,4
Journal du parfum,Americas,Life,1995,32,48,0,1,3
Journal of Lunchroom,Asia,Life,1949,31,42,1,0,7
Journal of Work,Asia,Life,1970,31,49,1,1,3
Journal of Sound,Americas,Social,1969,31,46,1,1,5
Journal of Title,Asia,Physical,2012,31,43,1,1,6
Journal of Glass,Americas,Physical,1981,31,52,1,0,5
Journal of Prison,Europe,Physical,1999,31,33,1,1,7
Journal of Pollution,Americas,Formal,1983,31,46,1,1,3
Journal of Bubble,Americas,Life,1983,31,34,1,1,4
Journal of Truck,Africa,Social,1989,31,48,1,0,4
Journal of Motion,Americas,Physical,1945,31,42,1,0,7
Journal of Quiver,Europe,Physical,2012,31,55,1,0,4
Journal of Lake,Asia,Social,1999,31,41,1,0,2
Journal of Yam,Asia,Social,1973,31,51,1,1,6
Journal of Body,Asia,Social,1992,31,60,1,0,7
Journal of Mist,Americas,Life,2009,31,47,1,0,5
Journal of Mind,Americas,Physical,1982,31,48,1,0,4
Journal of Smoke,Europe,Social,1959,30,47,1,1,5
Journal of Industry,Europe,Physical,2003,30,40,1,1,3
Journal of Stew,Americas,Formal,2007,30,45,1,1,2
Journal of Judge,Europe,Physical,1969,30,55,1,1,3
Journal of Police,Americas,Formal,1907,30,45,1,0,5
Journal of Harbor,Oceania,Formal,1997,30,46,1,0,5
Journal of Frog,Americas,Formal,2000,30,47,1,1,5
Journal of Eggs,Europe,Social,1941,30,38,1,1,7
Journal of Chess,Americas,Social,1997,30,37,1,0,5
Journal of Oranges,Europe,Life,1981,30,44,1,1,4
Journal of Verse,Asia,Life,1972,30,50,1,0,4
Journal of Home,Asia,Physical,1980,30,48,1,1,7
Journal of Swim,Americas,Social,1992,30,39,1,1,12
Journal of Cork,Europe,Social,1982,30,50,1,1,5
Journal of Relation,Europe,Physical,2019,30,37,1,0,3
Journal of Vest,Europe,Formal,1985,30,33,1,0,7
Journal of Wrist,Europe,Life,1972,30,24,1,1,4
Journal of Land,Europe,Physical,1982,30,40,1,1,5
Journal of Crowd,Americas,Formal,1918,30,45,1,1,6
Journal of Beggar,Americas,Physical,2010,30,45,1,1,6
Journal of Dinner,Asia,Formal,1996,30,51,1,1,5
Journal of Sock,Europe,Physical,1993,30,45,1,0,3
Journal of Aunt,Europe,Formal,1992,30,40,1,1,6
Journal of Tendency,Europe,Formal,1955,30,45,1,0,4
Journal of Time,Europe,Physical,1999,30,38,1,1,5
Journal of Scissors,Asia,Life,1990,30,47,1,1,5
Journal of Hole,Americas,Social,2016,29,43,1,1,3
Journal of Teaching,Oceania,Social,2012,29,43,1,0,3
Journal of Nose,Europe,Formal,1999,29,45,1,0,4
Journal of Sidewalk,Asia,Social,1932,29,32,1,1,4
Journal of Position,Americas,Social,1943,29,36,1,0,6
Journal of Clocks,Europe,Physical,1995,29,35,1,0,6
Journal of Shelf,Europe,Physical,1998,29,34,1,1,5
Journal of North,Africa,Physical,1947,29,30,1,1,7
Journal of Cook,Europe,Physical,1966,29,33,1,1,7
Journal of Curtain,Americas,Social,1974,29,44,1,1,3
Journal of Bit,Americas,Social,2016,29,52,1,1,4
Journal of Partner,Americas,Formal,1979,29,19,1,1,4
Journal of Volcano,Americas,Social,2012,29,49,1,1,6
Journal of Ticket,Africa,Physical,1996,29,39,1,1,4
Journal of Oatmeal,Asia,Social,1966,29,37,1,0,3
Journal of War,Americas,Social,1972,29,54,1,1,6
Journal of Plantation,Europe,Life,2017,29,40,1,1,6
Journal of Zipper,Americas,Life,2002,29,49,1,1,4
Journal of Animal,Americas,Social,1977,29,48,1,1,5
Journal of Comparison,Americas,Formal,2006,29,31,1,1,6
Journal of Nation,Americas,Formal,2018,29,43,1,0,5
Journal of Change,Europe,Physical,2011,29,53,1,1,5
Journal of Coil,Americas,Life,1997,28,33,1,1,3
Journal of Month,Americas,Social,1981,28,58,1,1,8
Journal of Cause,Americas,Social,1898,28,46,1,1,5
Journal of Plot,Europe,Formal,2003,28,42,1,1,4
Journal of Cable,Americas,Life,1987,28,56,1,1,3
Journal of Sea,Europe,Life,1995,28,41,1,1,6
Journal of Boys,Americas,Physical,2005,28,37,1,0,4
Journal of Weight,Americas,Formal,1983,28,46,1,0,4
Journal of Metal,Europe,Physical,1916,28,39,1,1,5
Journal of Actor,Europe,Formal,1974,28,45,1,1,5
Journal of Sense,Africa,Life,2001,28,43,1,0,4
Journal of Laugh,Americas,Physical,1980,28,37,1,1,5
Journal of Name,Europe,Life,1979,28,25,1,1,6
Journal of Grade,Europe,Life,1997,28,30,1,1,3
Journal of Grain,Americas,Physical,2000,28,37,1,0,5
Journal of Queen,Americas,Physical,1935,28,35,1,1,4
Journal of Punishment,Asia,Formal,2006,28,41,1,1,3
Journal of Bear,Europe,Physical,1950,28,32,1,1,4
Journal of Territory,Europe,Physical,1918,28,39,1,1,4
Journal of Arch,Americas,Formal,2006,28,42,1,0,7
Journal of Alarm,Europe,Formal,1985,28,43,1,1,5
Journal of Beds,Americas,Formal,1996,28,33,1,1,3
Journal of Eyes,Americas,Life,2007,28,46,1,1,5
Journal of Uncle,Africa,Physical,1905,28,43,1,1,4
Journal of Agreement,Europe,Social,2003,28,36,1,0,5
Journal of Texture,Americas,Social,1996,28,34,1,1,3
Journal of Joke,Europe,Life,2001,27,34,1,1,3
Journal of Control,Europe,Formal,1901,27,42,1,1,5
Journal of Arm,Europe,Life,1983,27,38,1,1,4
Journal of Rake,Africa,Life,1992,27,30,1,1,3
Journal of Garden,Asia,Formal,1972,27,49,1,0,3
Journal of Attention,Americas,Formal,2000,27,32,1,1,4
Journal of Girls,Asia,Life,2007,27,46,1,1,3
Journal of Plate,Asia,Physical,1984,27,40,1,0,4
Journal of Taste,Asia,Physical,1998,27,40,1,1,4
Journal of Mass,Europe,Life,1981,27,51,1,0,5
Journal of Soup,Africa,Formal,1977,27,47,1,1,4
Journal of Dad,Asia,Physical,1996,27,36,1,0,4
Journal of Knee,Europe,Formal,1976,27,32,1,1,6
Journal of Authority,Americas,Formal,2009,27,26,1,1,5
Journal of Donkey,Europe,Life,1991,27,58,1,0,3
Journal of Treatment,Europe,Social,1984,27,55,1,0,3
Journal of Spade,Africa,Social,2003,27,48,1,1,4
Journal of Guide,Europe,Formal,1978,27,30,1,1,7
Journal of Hen,Americas,Physical,2006,27,30,1,1,4
Journal of Mask,Europe,Life,2000,27,38,1,0,4
Journal of Fall,Europe,Social,1995,27,36,1,1,3
Journal of Squirrel,Europe,Physical,1953,27,33,1,1,4
Journal of Desk,Americas,Formal,1989,27,39,1,0,3
Journal of Achiever,Americas,Life,2009,27,42,1,1,7
Journal of Milk,Asia,Social,1972,27,33,1,1,3
Journal of Letters,Asia,Social,1984,27,39,1,1,3
Journal of Wave,Africa,Social,1944,27,40,1,1,3
Journal of Pleasure,Americas,Formal,2006,27,46,1,1,4
Journal of Stamp,Europe,Physical,1919,26,40,1,1,4
Journal of Chairs,Europe,Social,1979,26,36,1,1,5
Journal of Bat,Americas,Physical,1997,26,36,1,1,5
Journal of Group,Africa,Physical,1996,26,37,1,1,3
Journal of Seed,Americas,Formal,1956,26,31,1,1,4
Journal of Knowledge,Europe,Formal,2002,26,31,1,1,5
Journal of Sneeze,Asia,Physical,1970,26,42,1,1,5
Journal of View,Americas,Formal,1918,26,42,1,1,6
Journal of Gate,Oceania,Social,1990,26,26,1,1,7
Journal of Test,Europe,Physical,1986,26,47,1,0,4
Journal of Planes,Africa,Physical,2004,26,48,1,1,3
Journal of Rub,Americas,Social,1962,26,41,1,1,3
Journal of Self,Africa,Life,2009,26,50,1,0,7
Journal of Pizzas,Europe,Social,1988,26,33,1,0,7
Journal of Flock,Europe,Physical,2000,26,35,1,1,7
Journal of Stone,Asia,Formal,2003,26,40,1,1,6
Journal of Whip,Africa,Social,1997,26,42,1,1,3
Journal of Nut,Americas,Life,2001,26,29,1,1,12
Journal of Quince,Africa,Physical,2008,26,43,1,1,3
Journal of Learning,Europe,Physical,1975,26,34,1,1,4
Journal of Crayon,Europe,Formal,1968,26,30,1,1,4
Journal of Bomb,Europe,Formal,2008,26,47,1,0,7
Journal of River,Asia,Physical,2013,26,42,1,1,7
Journal of Tub,Asia,Life,1927,26,35,1,1,6
Journal of Floor,Africa,Life,1944,26,33,1,1,3
Journal of Apparel,Americas,Social,1971,26,30,1,1,4
Journal of Toes,Europe,Social,1931,26,32,1,1,3
Journal of Snow,Europe,Social,1974,26,26,1,1,5
Journal of Reaction,Europe,Formal,1984,26,24,1,1,3
Journal of Advertisement,Asia,Life,2005,26,44,1,1,4
Journal of Morning,Asia,Social,1967,26,38,1,1,4
Journal of Birds,Europe,Physical,1989,26,53,1,1,4
Journal of Square,Europe,Physical,2004,26,37,1,1,8
Journal of Seashore,Americas,Formal,2006,25,38,1,0,4
Journal of Underwear,Americas,Social,2004,25,46,1,1,4
Journal of Invention,Asia,Social,1966,25,44,1,1,5
Journal of Boy,Europe,Life,1985,25,51,1,1,7
Journal of Ball,Americas,Social,1996,25,32,1,1,4
Journal of Sticks,Americas,Life,2010,25,43,1,1,5
Journal of Pencil,Africa,Life,2006,25,33,1,1,4
Journal of Family,Americas,Physical,1998,25,35,1,1,6
Journal of Minute,Europe,Physical,1978,25,35,1,1,5
Journal of Pig,Europe,Formal,1930,25,35,1,1,2
Journal of Field,Americas,Social,1957,25,29,1,1,4
Journal of Acoustics,Americas,Life,1979,25,22,1,0,7
Journal of Death,Europe,Formal,1987,25,41,1,1,4
Journal of Ant,Asia,Social,1947,25,35,1,1,5
Journal of Government,Americas,Social,2004,25,27,1,1,3
Journal of Snail,Americas,Formal,2016,25,35,1,1,4
Journal of Print,Americas,Social,2003,25,38,1,1,4
Journal of Porter,Africa,Social,1997,25,31,1,1,5
Journal of Income,Oceania,Physical,1951,25,32,1,1,6
Journal of Tree,Asia,Formal,2001,25,38,1,0,8
Journal of Window,Europe,Physical,1944,25,40,1,1,9
Journal of Hand,Europe,Social,1990,25,54,1,1,5
Journal of Slip,Asia,Social,1898,25,43,1,1,4
Journal of Wall,Americas,Social,1981,25,34,1,0,5
Journal of Company,Europe,Social,2008,25,39,1,1,4
Journal of Rose,Asia,Physical,1948,25,30,1,1,5
Journal of Pain,Europe,Life,1932,25,31,1,1,4
Journal of Language,Europe,Physical,1984,25,27,1,1,5
Journal of Pan,Africa,Life,1961,25,32,1,1,5
Journal of History,Americas,Life,1948,25,38,1,0,4
Journal of Sky,Americas,Social,1899,25,41,1,1,3
Journal of Feast,Africa,Formal,2010,25,34,1,1,5
Journal of Development,Americas,Social,1997,25,26,1,1,4
Journal of Juice,Europe,Social,1987,25,39,1,1,3
Journal of Quartz,Europe,Social,1992,25,35,1,1,7
Journal of Dime,Americas,Formal,1919,25,39,1,1,6
Journal of Fan,Americas,Social,1999,25,28,1,1,6
Journal of Bells,Americas,Formal,1965,24,34,1,0,3
Journal of Class,Europe,Social,1994,24,34,1,1,2
Journal of Thunder,Asia,Social,1995,24,36,1,1,6
Journal of Kitty,Asia,Life,1971,24,30,1,1,3
Journal of Plants,Europe,Formal,1975,24,22,1,1,3
Journal of Powder,Africa,Physical,1997,24,36,1,1,12
Journal of Nail,Africa,Formal,2007,24,37,1,1,7
Journal of Point,Asia,Life,1977,24,29,1,0,3
Journal of Sail,Americas,Formal,1963,24,26,1,1,3
Journal of Chance,Europe,Social,1957,24,53,1,1,5
Journal of Hearing,Asia,Life,2003,24,35,1,1,4
Journal of Friends,Americas,Physical,1962,24,35,1,1,3
Journal of Back,Oceania,Formal,1984,24,32,1,1,6
Journal of Spiders,Africa,Life,1915,24,37,1,1,5
Journal of Potato,Americas,Formal,1957,24,35,1,1,4
Journal of Fish,Europe,Physical,1985,24,33,1,1,3
Journal of Instrument,Europe,Physical,1997,24,41,1,1,4
Journal of Stick,Americas,Formal,1975,24,30,1,1,4
Journal of Park,Asia,Formal,2002,24,46,1,1,5
Journal of Cherry,Europe,Life,1967,24,43,1,1,6
Journal of School,Africa,Formal,2009,24,41,1,1,5
Journal of Representative,Asia,Social,1927,24,34,1,1,4
Journal of Jail,Asia,Life,1969,24,32,1,1,7
Journal of Chair,Americas,Life,2005,24,47,1,1,3
Journal of Route,Europe,Physical,1983,24,22,1,1,3
Journal of Shoe,Asia,Formal,1968,24,28,1,0,4
Journal of Ghost,Asia,Social,1948,24,32,1,1,5
Journal of Sack,Americas,Physical,1933,24,33,1,0,4
Journal of Friend,Africa,Life,1949,24,34,1,1,5
Journal de la gorge,Europe,Social,2006,24,31,0,1,5
Journal of Week,Africa,Physical,1996,24,41,1,1,7
Journal of Babies,Americas,Social,1976,24,27,1,1,3
Journal of Statement,Asia,Formal,1968,24,36,1,0,8
Journal of Icicle,Americas,Life,1998,24,33,1,1,8
Journal of Unit,Americas,Physical,1996,23,32,1,0,3
Journal of Substance,Europe,Social,1999,23,37,1,1,5
Journal of Credit,Asia,Social,1980,23,25,1,1,6
Journal of Balls,Asia,Life,1990,23,40,1,1,6
Journal of Edge,Europe,Formal,1994,23,32,1,1,3
Journal of Wealth,Asia,Social,2004,23,31,1,1,4
Journal of Train,Europe,Formal,1961,23,26,1,1,3
Journal of Property,Americas,Formal,2001,23,46,1,1,5
Journal of Wash,Europe,Life,2004,23,33,1,1,4
Journal of Wilderness,Asia,Life,2014,23,40,1,1,5
Journal of Sink,Asia,Formal,1970,23,36,1,1,4
Journal of Trees,Americas,Life,1999,23,26,1,1,3
Journal of Jar,Americas,Life,1994,23,36,1,0,6
Journal of Legs,Americas,Social,2002,23,40,1,1,2
Journal of Wax,Asia,Social,1977,23,25,1,1,6
Journal of Cough,Europe,Life,1989,23,35,1,1,7
Journal of Fuel,Africa,Life,1950,23,33,1,1,8
Journal of Brick,Europe,Life,2007,23,26,1,1,3
Journal of Silver,Europe,Social,1985,23,54,1,0,5
Journal of Faucet,Europe,Formal,1993,23,32,1,1,3
Journal of Low,Asia,Formal,1968,23,36,1,0,6
Journal of Humor,Americas,Physical,2003,23,43,1,1,4
Journal of Jam,Europe,Life,2000,23,33,1,1,4
Journal of Light,Americas,Physical,1978,23,32,1,1,3
Journal of Bridge,Americas,Life,1988,23,31,1,1,3
Journal of Beast,Americas,Physical,1947,23,34,1,1,3
Journal of Minister,Europe,Physical,1988,23,28,1,0,5
Journal of Cemetery,Oceania,Physical,1945,23,38,1,1,7
Journal of Mouth,Americas,Physical,2005,23,50,1,1,5
Journal of Playground,Americas,Physical,1981,23,23,1,0,5
Journal of Pet,Asia,Life,2010,23,39,1,0,3
Journal of Design,Europe,Social,1981,23,44,1,1,5
Journal of Music,Americas,Social,1989,23,30,1,1,9
Journal of Tramp,Asia,Formal,1974,23,19,1,1,3
Journal of Zebra,Africa,Physical,2007,23,40,1,1,5
Journal of Doctor,Americas,Life,1967,23,31,1,1,3
Journal of Pear,Europe,Physical,1977,23,26,1,1,8
Journal of Fold,Europe,Life,1970,23,29,1,1,5
Journal of Mitten,Asia,Life,1994,23,37,1,1,8
Journal of Harmony,Europe,Physical,2002,23,43,1,1,4
Journal of Beetle,Americas,Life,1974,23,29,1,1,2
Journal of Rate,Americas,Formal,2013,22,44,1,1,5
Journal of Cent,Europe,Physical,1974,22,26,1,1,7
Journal of Arithmetic,Americas,Social,2004,22,34,1,1,5
Journal of Door,Europe,Physical,2003,22,31,1,1,3
Journal of Elbow,Europe,Physical,2008,22,42,1,0,3
Journal of Downtown,Americas,Social,1968,22,28,1,1,3
Journal of Curve,Europe,Physical,1960,22,50,1,1,2
Journal of Color,Asia,Social,1991,22,33,1,1,4
Journal of Sofa,Asia,Physical,2005,22,30,1,1,2
Journal of Brain,Americas,Social,1991,22,34,1,1,8
Journal of Bucket,Americas,Life,1961,22,54,1,1,4
Journal of Crime,Europe,Social,1974,22,22,1,1,4
Journal of Island,Americas,Physical,1970,22,29,1,1,4
Journal of Meal,Europe,Physical,1988,22,24,1,1,5
Journal of Visitor,Americas,Life,1970,22,30,1,1,4
Journal of Deer,Europe,Social,1962,22,25,1,0,3
Journal of Pen,Europe,Life,1974,22,28,1,1,5
Journal of Power,Europe,Life,1988,22,38,1,1,5
Journal of Thumb,Americas,Life,1967,22,26,1,1,4
Journal of Skin,Americas,Social,1987,22,33,1,1,5
Journal of Dust,Asia,Life,1947,22,36,1,1,7
Journal of Yard,Americas,Life,2009,22,23,1,1,6
Journal of Fowl,Asia,Social,2013,22,42,1,1,4
Journal of Cakes,Americas,Physical,1965,22,34,1,1,3
Journal of Current,Europe,Formal,1985,22,27,1,1,5
Journal of Hammer,Europe,Life,2007,22,35,1,1,5
Journal of Wine,Asia,Social,1984,22,24,1,1,6
Journal of Wood,Americas,Formal,1975,22,30,1,1,4
Journal of Jelly,Americas,Social,2001,22,34,1,1,3
Journal of Corn,Asia,Social,1964,21,38,1,1,6
Journal of Butter,Americas,Physical,1958,21,22,1,1,6
Journal of Cave,Americas,Physical,1977,21,22,1,1,6
Journal of Cake,Americas,Formal,2006,21,33,1,1,3
Journal of Yoke,Europe,Social,1971,21,28,1,1,2
Journal of Degree,Americas,Life,1958,21,33,1,1,5
Journal of Rice,Europe,Formal,1982,21,26,1,1,3
Journal of Exchange,Europe,Formal,1990,21,32,1,1,7
Journal of Foot,Africa,Physical,1949,21,29,1,1,6
Journal of Cabbage,Americas,Social,1947,21,30,1,1,4
Journal of Hill,Oceania,Social,2007,21,46,1,0,5
Journal of Help,Americas,Physical,1975,21,34,1,1,4
Journal of Giraffe,Americas,Life,1998,21,24,1,1,5
Journal of Servant,Europe,Social,1983,21,32,1,1,3
Journal of Spark,Europe,Social,1964,21,22,1,1,4
Journal of Pest,Europe,Formal,1972,21,28,1,0,3
Journal of Tray,Americas,Physical,2010,21,25,1,0,3
Journal of Amount,Asia,Social,1998,21,19,1,1,6
Journal of Journey,Americas,Physical,1973,21,31,1,1,5
Journal of Receipt,Americas,Physical,1999,21,25,1,1,5
Journal of Road,Americas,Physical,1968,21,52,1,0,3
Journal of Women,Asia,Life,1961,21,30,1,1,4
Journal of Cry,Europe,Social,2007,21,33,1,1,3
Journal of Love,Oceania,Formal,2002,21,34,1,1,4
Journal of Stranger,Africa,Social,1912,21,14,1,1,6
Journal of Teeth,Africa,Life,2006,21,37,1,1,3
Journal of Wool,Americas,Physical,2002,21,26,1,1,4
Journal of Collar,Asia,Formal,2014,21,39,1,1,4
Journal of Parcel,Americas,Formal,1970,21,34,1,0,4
Journal of Wind,Europe,Formal,1982,21,29,1,1,3
Journal of Fireman,Africa,Social,2004,21,47,1,0,3
Journal of Berry,Americas,Physical,1993,21,33,1,1,3
Journal of Wound,Europe,Life,1971,21,33,1,1,3
Journal of Bait,Europe,Formal,1992,21,29,1,1,3
Journal of Birthday,Asia,Formal,2012,20,27,1,0,3
Journal of Need,Asia,Physical,1967,20,30,1,0,3
Journal of Lead,Europe,Life,1986,20,41,1,1,4
Journal of Whistle,Europe,Physical,1950,20,28,1,1,4
Journal of Stream,Americas,Physical,2005,20,37,1,1,6
Journal of Calculator,Americas,Physical,2000,20,30,1,1,6
Journal of Transport,Americas,Physical,2011,20,28,1,1,6
Revista de quemaduras,Europe,Physical,1996,20,31,0,1,3
Journal of Slave,Americas,Life,1995,20,24,1,1,3
Journal of Manager,Asia,Life,1960,20,36,1,1,3
Journal of Lettuce,Europe,Social,1971,20,20,1,1,5
Journal of Cherries,Americas,Physical,2002,20,30,1,1,6
Journal of Airplane,Europe,Social,1989,20,30,1,0,5
Journal of Tank,Europe,Formal,1970,20,18,1,1,9
Journal of Rain,Europe,Life,1978,20,30,1,1,6
Journal of Market,Africa,Social,1999,20,22,1,0,8
Journal of Rabbits,Asia,Formal,1973,20,28,1,1,5
Journal of Burn,Americas,Physical,1967,20,28,1,1,4
Journal of Gold,Europe,Physical,1962,20,29,1,1,4
Journal of Bite,Americas,Physical,2009,20,35,1,0,4
Journal of Hair,Americas,Social,1988,20,19,1,1,6
Journal of Twig,Asia,Social,2013,20,38,1,1,3
Journal of Size,Americas,Physical,1958,20,54,1,1,5
Journal of Touch,Asia,Life,1976,20,30,1,1,3
Journal of Car,Americas,Life,1949,20,30,1,1,7
Journal of Committee,Europe,Life,1991,20,14,1,1,4
Journal of Suggestion,Europe,Formal,1989,20,27,1,1,4
Journal of Cannon,Americas,Physical,1976,20,26,1,1,7
Journal of Digestion,Americas,Formal,1986,20,30,1,1,4
Journal de sac,Europe,Life,1999,20,34,0,1,6
Journal of Dirt,Europe,Life,1983,20,27,1,1,3
Journal of Surprise,Africa,Life,1989,20,28,1,1,4
Journal of Loaf,Americas,Life,1966,20,37,1,1,6
Journal of Cast,Americas,Life,2005,20,35,1,0,3
Journal of Pie,Asia,Physical,1987,20,31,1,1,3
Journal of Book,Americas,Life,1967,20,38,1,0,5
Journal of Night,Asia,Social,1974,20,26,1,1,5
Journal of Bulb,Oceania,Life,1962,20,37,1,1,8
Journal of Toothbrush,Africa,Formal,1961,20,26,1,1,5
Journal des animaux de compagnie,Europe,Physical,2007,20,36,0,0,5
Journal of Cats,Europe,Formal,1981,20,28,1,1,7
Journal of Camp,Americas,Physical,1997,19,27,1,1,3
Journal of Key,Americas,Physical,1968,19,27,1,1,6
Journal of Chickens,Europe,Life,1978,19,26,1,1,3
Journal of Seat,Americas,Physical,1974,19,32,1,1,3
Journal of Afternoon,Americas,Physical,1996,19,22,1,1,4
Journal of Copy,Asia,Life,1980,19,25,1,1,12
Journal of Match,Europe,Formal,2013,19,25,1,1,6
Journal of Badge,Americas,Life,2006,19,32,1,1,7
Journal of Lizards,Africa,Physical,2004,19,40,1,1,3
Journal of Monkey,Africa,Social,1960,19,26,1,1,5
Journal of Anger,Americas,Social,1999,19,24,1,1,6
Journal of Condition,Europe,Life,1980,19,24,1,1,4
Journal of Rainstorm,Europe,Formal,1983,19,28,1,1,4
Journal of Fork,Europe,Formal,2004,19,25,1,1,4
Journal of Team,Americas,Social,2012,19,30,1,1,4
Journal of Lunch,Americas,Formal,2008,19,40,1,0,3
Journal of Basin,Europe,Life,1980,19,26,1,1,3
Journal of Coat,Asia,Physical,1961,19,36,1,1,5
Journal of Daughter,Americas,Life,1996,19,23,1,1,3
Journal of Clover,Europe,Life,1964,19,51,1,1,5
Journal of Drum,Americas,Social,1972,19,22,1,1,6
Journal of Crush,Asia,Formal,1959,19,27,1,0,2
Journal of Event,Americas,Physical,1981,19,24,1,1,3
Journal of Finger,Asia,Formal,1976,19,26,1,0,3
Journal of Glove,Europe,Life,1992,19,35,1,1,4
Journal of Wing,Oceania,Physical,1980,19,31,1,0,4
Journal of Trail,Americas,Social,1969,19,17,1,1,5
Journal of String,Europe,Physical,1975,19,26,1,1,6
Journal of Purpose,Asia,Formal,1953,19,30,1,1,3
Revista de disgusto,Americas,Life,2004,19,29,0,1,3
Journal of Suit,Europe,Social,1974,19,28,1,1,5
Journal of Grape,Europe,Life,2000,19,31,1,1,6
Journal of Smell,Europe,Formal,1991,19,27,1,1,4
Journal of Cars,Oceania,Physical,2001,18,29,1,0,4
Journal of Cloud,Asia,Physical,1998,18,31,1,1,5
Journal of Spot,Asia,Formal,2000,18,32,1,1,5
Revista de fin,Europe,Physical,2006,18,16,0,1,6
Journal of Toothpaste,Europe,Life,1967,18,34,1,0,5
Journal of Game,Asia,Social,1993,18,33,1,1,5
Journal de chemise,Europe,Physical,1986,18,21,0,1,6
Journal of Camera,Americas,Physical,1971,18,38,1,1,3
Journal of Aftermath,Asia,Social,1968,18,26,1,1,3
Journal of Temper,Africa,Social,1990,18,24,1,1,5
Journal of Growth,Africa,Life,1951,18,32,1,1,6
Journal of Argument,Europe,Physical,1957,18,28,1,0,4
Journal of Behavior,Asia,Physical,1991,18,26,1,1,5
Journal of Birth,Europe,Life,1964,18,21,1,1,8
Journal of Popcorn,Europe,Formal,1984,18,20,1,1,3
Journal of Cub,Europe,Physical,1947,18,33,1,1,5
Journal of Oven,Europe,Life,1975,18,26,1,1,4
Journal of Sleet,Americas,Life,1998,18,29,1,1,4
Journal of Sponge,Asia,Life,2002,18,29,1,0,3
Journal of Office,Europe,Social,2004,18,31,1,1,2
Journal of Care,Asia,Physical,1986,18,23,1,1,3
Journal of Feeling,Americas,Formal,1963,18,32,1,1,5
Journal of Thought,Africa,Life,2005,18,34,1,0,5
Revista de escena,Europe,Life,2005,18,25,0,1,2
Journal of Spring,Asia,Social,1979,18,29,1,1,6
Journal of Maid,Asia,Formal,1976,18,30,1,0,3
Journal of Form,Asia,Formal,1976,18,23,1,1,5
Journal of Card,Americas,Formal,1977,18,20,1,1,3
Journal of Heart,Americas,Formal,1959,18,28,1,1,5
Journal of Measure,Asia,Social,1965,18,30,1,1,7
Journal of Fruit,Europe,Social,1984,18,22,1,1,5
Journal of Fight,Asia,Physical,1954,18,32,1,1,5
Journal of Crack,Asia,Formal,1999,18,28,1,1,4
Journal of Regret,Oceania,Social,1995,18,32,1,0,4
Journal of Hate,Europe,Physical,1979,18,11,1,1,6
Journal of Ocean,Americas,Life,1995,18,30,1,1,4
Journal of Pickle,Oceania,Physical,1993,18,23,1,1,4
Journal of Hour,Americas,Social,2007,18,26,1,1,7
Journal of Way,Europe,Physical,1957,18,27,1,1,5
Journal of Comb,Asia,Life,1994,18,21,1,1,5
Revista de escarabajo,Europe,Social,1980,18,29,0,1,4
Revista de hoja,Europe,Life,1983,18,15,0,1,1
Journal of Kitten,Asia,Formal,2007,18,41,1,1,3
Journal of Friction,Africa,Social,1961,18,29,1,0,8
Journal of Food,Africa,Formal,1952,18,26,1,0,5
Journal of Vessel,Asia,Life,1976,18,35,1,1,4
Journal of Top,Europe,Social,2010,18,26,1,1,12
Journal of Station,Europe,Life,2013,18,35,1,1,7
Journal of Scent,Asia,Physical,1972,17,38,1,1,3
Journal of Kettle,Americas,Social,1993,17,28,1,1,3
Journal of Join,Europe,Social,1986,17,19,1,1,3
Journal of Trains,Americas,Formal,2008,17,31,1,0,7
Journal of Summer,Europe,Social,1982,17,23,1,1,4
Journal des filles,Europe,Life,1967,17,23,0,1,7
Revista del mar,Europe,Physical,2011,17,15,0,1,2
Journal of Force,Asia,Physical,1996,17,33,1,0,3
Journal of Zinc,Europe,Life,1962,17,25,1,1,6
Journal of Plant,Americas,Formal,1952,17,34,1,0,4
Journal of Honey,Africa,Formal,1887,17,30,1,1,6
Journal of Pin,Africa,Physical,2000,17,27,1,1,5
Journal of Science,Africa,Physical,1961,17,25,1,1,3
Revista de bomba,Europe,Life,2009,17,27,0,1,8
Journal of Battle,Americas,Social,1908,17,14,1,1,5
Journal of Effect,Oceania,Social,1989,17,28,1,0,4
Journal of Passenger,Asia,Life,2000,17,20,1,1,3
Journal of Business,Europe,Life,1997,17,35,1,1,8
Journal of Coach,Asia,Life,1950,17,35,1,1,7
Journal of Hospital,Asia,Life,1990,17,21,1,1,6
Journal de vis,Europe,Life,1999,17,35,0,1,3
Journal of Sleep,Americas,Social,1975,17,29,1,1,6
Journal of Street,Africa,Life,2010,17,28,1,1,6
Journal of Neck,Europe,Formal,1981,17,9,1,1,3
Revista de olor,Americas,Life,2009,17,15,0,1,2
Journal of Step,Europe,Formal,2006,17,36,1,0,5
Journal of Blood,Americas,Life,1980,17,30,1,0,3
Journal of Letter,Africa,Social,2010,17,14,1,1,4
Journal of Peace,Asia,Social,1993,17,24,1,1,5
Journal of Error,Americas,Social,2001,17,33,1,1,7
Journal of Burst,Americas,Life,1964,17,15,1,1,3
Journal of Structure,Africa,Social,1912,17,15,1,1,5
Journal of Society,Asia,Formal,1956,17,25,1,1,3
Journal of Club,Europe,Life,2008,17,26,1,1,3
Journal of Brass,Americas,Physical,1999,17,21,1,1,5
Journal of Idea,Americas,Social,2002,17,25,1,1,12
Journal of Addition,Americas,Social,2001,17,40,1,1,4
Journal of Feet,Americas,Formal,2019,16,41,1,0,3
Journal of Pipe,Oceania,Social,1995,16,21,1,1,6
Journal of Art,Asia,Life,1973,16,30,1,1,6
Journal of Activity,Europe,Formal,2002,16,31,1,1,3
Journal de course,Americas,Life,1966,16,33,0,1,5
Journal of Vegetable,Americas,Social,1973,16,27,1,1,3
Journal of Flame,Europe,Life,1992,16,20,1,1,6
Revista de mapa,Europe,Physical,1884,16,26,0,1,6
Journal of Kick,Europe,Life,2006,16,21,1,1,7
Journal of Haircut,Europe,Social,1986,16,25,1,1,2
Journal of Bath,Americas,Physical,1979,16,14,1,1,3
Journal of Attraction,Americas,Social,1966,16,28,1,1,5
Zeitschrift des Lernens,Europe,Social,1940,16,9,0,1,7
Journal of Apple,Americas,Social,2001,16,28,1,0,5
Journal of Goat,Africa,Physical,1997,16,26,1,1,3
Journal of Start,Europe,Social,1950,16,34,1,0,5
Journal of Paint,Americas,Social,1987,16,21,1,1,3
Journal of Celery,Europe,Physical,1981,16,15,1,1,5
Journal of Brake,Americas,Formal,2005,16,20,1,1,4
Journal of Jellyfish,Americas,Life,1966,16,29,1,1,3
Journal of Apples,Asia,Social,1977,16,19,1,1,5
Journal of List,Europe,Physical,1988,16,24,1,0,6
Journal of Flowers,Americas,Life,1985,16,29,1,0,4
Journal of Show,Europe,Social,2009,16,20,1,1,3
Journal of Farmer,Africa,Formal,1999,16,35,1,0,4
Revista del campamento,Europe,Social,1996,16,20,0,1,5
Journal of Tongue,Africa,Formal,1999,16,23,1,1,4
Journal of Zephyr,Asia,Life,1980,16,16,1,1,7
Journal of Offer,Americas,Life,1988,16,35,1,1,5
Journal of Heat,Africa,Formal,1954,16,25,1,1,4
Journal of Snake,Asia,Physical,2001,16,25,1,1,7
Journal of Men,Americas,Social,1983,16,21,1,1,3
Journal of Machine,Americas,Formal,1996,16,31,1,1,5
Journal of Recess,Europe,Formal,1983,15,27,1,1,6
Revista de bufanda,Europe,Physical,1985,15,20,0,1,2
Journal of Kiss,Europe,Physical,1953,15,29,1,1,3
Journal of Fog,Americas,Life,1966,15,24,1,1,2
Journal of Place,Americas,Social,2003,15,25,1,1,5
Journal of Bikes,Americas,Physical,1970,15,32,1,1,3
Journal of Stage,Europe,Formal,1987,15,10,1,1,4
Revista de rosa,Europe,Formal,1966,15,25,0,1,2
Journal of Needle,Africa,Physical,1996,15,20,1,1,4
Journal of Bone,Europe,Formal,1980,15,16,1,1,3
Journal of Apparatus,Europe,Social,1968,15,22,1,1,5
Journal de gant,Americas,Physical,1937,15,16,0,1,3
Journal of Approval,Americas,Formal,1955,15,31,1,1,3
Journal of Button,Americas,Formal,1951,15,31,1,1,4
Journal of Ducks,Americas,Formal,1981,15,25,1,1,5
Journal of Money,Americas,Formal,1967,15,19,1,0,5
Journal of Dolls,Europe,Life,2010,15,24,1,1,4
Journal of Eggnog,Europe,Life,1913,15,17,1,1,7
Journal of Chin,Asia,Formal,1886,14,29,1,1,4
Journal of Crate,Europe,Formal,1997,14,19,1,1,3
Journal of Dogs,Americas,Physical,1979,14,34,1,0,5
Journal of Reading,Europe,Formal,1964,14,23,1,1,4
Journal of Scarf,Europe,Social,2006,14,23,1,1,4
Journal of Doll,Europe,Formal,2007,14,31,1,1,5
Journal of Rhythm,Americas,Formal,1979,14,18,1,1,4
Journal of Adjustment,Americas,Social,2003,14,19,1,1,3
Journal of Band,Americas,Life,2005,14,17,1,1,5
Journal of Roof,Asia,Formal,1950,14,32,1,1,4
Journal of Creature,Americas,Physical,1963,14,21,1,1,3
Journal of Hook,Americas,Formal,1970,14,22,1,1,4
Revista de pegamento,Europe,Social,1951,14,29,0,1,4
Journal of Governor,Africa,Life,2003,14,28,1,1,3
Journal of Person,Americas,Physical,1997,14,33,1,1,5
Journal of Mother,Americas,Life,1995,14,24,1,1,3
Journal of Push,Asia,Social,2001,14,17,1,1,4
Journal of Pocket,Europe,Formal,1992,14,23,1,1,5
Journal of Shape,Asia,Physical,1992,14,24,1,1,4
Journal des ciseaux,Europe,Formal,1974,14,30,0,1,3
Journal of Marble,Americas,Social,1994,14,16,1,1,3
Journal of Zoo,Americas,Life,1995,14,20,1,1,6
Journal of Volleyball,Europe,Formal,2008,14,16,1,1,3
Journal of Grandmother,Americas,Physical,1999,14,29,1,1,6
Journal of Scene,Africa,Physical,2002,14,30,1,1,6
Zeitschrift der Wolke,Europe,Social,1968,14,22,0,1,3
Journal of Lace,Africa,Life,2004,14,24,1,1,6
Journal of Cover,Europe,Formal,2011,14,31,1,0,3
Journal of Giants,Europe,Life,2011,14,24,1,1,3
Journal of Expert,Asia,Formal,1971,14,18,1,1,5
Journal of Discovery,Europe,Life,1990,14,27,1,1,4
Journal of Cattle,Americas,Formal,1954,14,30,1,1,6
Journal of Vase,Americas,Social,1969,14,26,1,1,5
Journal of Blade,Americas,Social,1971,14,26,1,1,5
Revista del juego,Europe,Physical,1996,13,14,0,1,4
Journal of Hydrant,Americas,Formal,1964,13,12,1,1,4
Journal de lavage,Americas,Formal,1969,13,21,0,1,6
Journal of Locket,Asia,Formal,1987,13,13,1,1,5
Journal of Holiday,Asia,Social,1975,13,31,1,1,4
Journal of Respect,Americas,Formal,2004,13,19,1,1,4
Journal of Fly,Oceania,Life,2001,13,22,1,1,3
Journal of Pot,Americas,Physical,1985,13,26,1,1,3
Journal of Hall,Europe,Life,1943,13,15,1,1,5
Journal of Owl,Asia,Physical,1994,13,20,1,1,5
Journal of Number,Americas,Social,1944,13,12,1,1,4
Journal of Debt,Asia,Social,1986,13,19,1,1,3
Journal de rose,Americas,Physical,1883,13,23,0,1,4
Journal of Attack,Europe,Formal,1995,13,21,1,1,6
Journal of Drawer,Oceania,Life,1969,13,29,1,1,7
Journal of Yarn,Europe,Physical,2004,13,24,1,1,3
Journal of Plastic,Africa,Formal,1885,13,30,1,1,5
Journal of Clock,Americas,Life,1971,13,18,1,1,4
Journal of Waves,Asia,Formal,1998,13,21,1,1,3
Journal of Linen,Europe,Formal,1986,13,23,1,1,4
Journal of Toe,Europe,Physical,1999,13,28,1,1,3
Journal of Dress,Americas,Formal,1983,13,18,1,1,5
Revista de la orilla del mar,Europe,Social,1962,12,10,0,1,2
Journal de stockage,Americas,Social,1970,12,21,0,1,3
Journal of Noise,Asia,Life,1967,12,10,1,1,8
Revista de asiento,Europe,Formal,1988,12,19,0,1,2
Journal of Good-Bye,Europe,Formal,1986,12,17,1,1,3
Journal of Organization,Asia,Formal,1965,12,17,1,1,3
Revista de la escuela,Europe,Physical,1996,12,11,0,1,2
Journal des semences,Europe,Life,1991,12,22,0,1,3
Journal of Vein,Asia,Life,1965,12,49,1,0,4
Journal of Chalk,Europe,Social,1869,12,11,1,1,3
Journal of Fairies,Africa,Life,1935,12,15,1,1,5
Journal d'os,Americas,Life,1990,12,10,0,1,5
Journal of Trouble,Americas,Physical,1947,12,30,1,1,6
Journal of Branch,Europe,Physical,1943,12,12,1,1,3
Journal of Space,Americas,Life,1991,11,20,1,1,4
Journal of Gun,Europe,Social,1998,11,30,1,1,5
Journal of Wrench,Asia,Life,1965,11,22,1,1,4
Journal of Face,Americas,Life,1976,11,17,1,1,6
Revista de pasta,Europe,Formal,1996,11,15,0,1,3
Journal of Breath,Asia,Physical,1989,11,19,1,1,5
Journal of Religion,Asia,Social,1974,11,18,1,1,4
Journal of Cow,Americas,Social,1967,11,13,1,1,3
Journal of Creator,Asia,Physical,1867,11,13,1,1,4
Zeitschrift des Stuhls,Europe,Life,1986,11,15,0,1,6
Revista de ruta,Europe,Life,2003,11,20,0,1,2
Journal of Tin,Africa,Physical,2000,11,21,1,0,3
Journal of Leg,Americas,Life,1976,11,19,1,1,7
Journal of Cushion,Americas,Physical,1916,11,16,1,1,4
Journal of Bread,Asia,Formal,2000,11,5,1,1,3
Journal of Rest,Americas,Social,2006,11,26,1,1,4
Journal of Question,Americas,Physical,1996,11,21,1,1,3
Journal of Action,Americas,Formal,1951,11,28,1,1,3
Journal of Use,Asia,Formal,1952,11,28,1,1,4
Journal of Beginner,Americas,Life,1960,11,11,1,1,3
Journal of Voyage,Americas,Physical,1986,11,16,1,1,3
Revista de ciencia,Europe,Life,1984,11,10,0,1,2
Revista de escala,Europe,Life,2004,11,23,0,1,2
Journal of Theory,Europe,Formal,1994,11,9,1,1,3
Journal of Support,Americas,Formal,1962,11,27,1,1,6
Journal de sel,Europe,Formal,1943,10,17,0,1,4
Revista de frotar,Americas,Life,2000,10,15,0,1,2
Journal du lac,Europe,Formal,1919,10,10,0,1,4
Journal de papa,Europe,Life,1959,10,8,0,1,4
Journal of Flag,Asia,Formal,2004,10,13,1,1,9
Journal d'esprit,Europe,Life,1865,10,12,0,1,3
Journal of Grip,Americas,Formal,2005,10,15,1,1,6
Revista de hermanas,Europe,Formal,1997,10,14,0,1,6
Journal of Request,Americas,Physical,1968,10,8,1,1,3
Journal de fils,Europe,Formal,1966,10,8,0,1,6
Journal of Education,Europe,Physical,1971,10,8,1,1,4
Revista de forma,Europe,Formal,1941,10,12,0,1,1
Revista de rollo,Europe,Physical,1931,10,13,0,1,3
Journal of Star,Americas,Life,1972,10,14,1,1,3
Journal of Prose,Americas,Life,2000,10,28,1,1,4
Revista de pared,Europe,Social,1968,10,12,0,1,4
Journal du centre-ville,Americas,Social,1997,9,15,0,1,4
Journal of Rifle,Europe,Social,1968,9,7,1,1,4
Journal of Laborer,Europe,Physical,1987,9,17,1,1,4
Journal of Mom,Asia,Formal,1939,9,4,1,1,3
Journal of Crown,Europe,Formal,1927,9,9,1,1,3
Journal de joug,Europe,Social,1939,9,17,0,1,3
Journal de parole,Europe,Life,1963,9,10,0,1,4
Journal of Distribution,Europe,Life,1989,9,10,1,1,2
Journal of Payment,Europe,Formal,1970,9,15,1,0,3
Journal of Hot,Europe,Physical,1986,9,13,1,0,5
Journal of Caption,Europe,Formal,1984,9,26,1,1,4
Revista de broma,Europe,Social,1955,9,5,0,1,6
Revista de cuerda,Americas,Physical,1977,9,11,0,1,5
Journal of Lift,Africa,Social,1977,9,7,1,1,3
Journal of Ladybug,Europe,Life,1999,9,19,1,1,3
Journal of Ground,Europe,Life,1985,9,21,1,1,8
Journal de fourche,Americas,Physical,1974,9,4,0,1,3
Journal de roulis,Europe,Social,1867,9,10,0,1,6
Journal of Line,Africa,Physical,1995,9,8,1,1,3
Journal of Mice,Americas,Life,1997,8,13,1,1,5
Journal of News,Africa,Life,1864,8,16,1,1,3
Revista de carrera,Europe,Life,1969,8,12,0,1,2
Journal de rub,Europe,Life,1987,8,15,0,1,5
Revista de arbustos,Americas,Formal,1992,8,17,0,1,4
Journal de route,Europe,Social,1996,8,5,0,1,4
Revista de saco,Europe,Physical,1977,8,16,0,1,2
Journal de camion,Europe,Physical,1993,8,10,0,1,5
Journal of Roll,Africa,Formal,1995,8,13,1,1,3
Revista de azucar,Americas,Life,1956,8,8,0,1,3
Revista de ovejas,Americas,Physical,1994,8,12,0,1,1
Journal of Discussion,Europe,Life,1975,8,7,1,1,4
Journal of Process,Americas,Physical,1983,8,15,1,1,3
Revista de regla,Americas,Physical,1925,8,11,0,1,2
Revista de semillas,Europe,Life,1930,8,8,0,1,2
Journal of Dock,Americas,Formal,1932,8,12,1,1,3
Journal of Patch,Americas,Social,1999,8,9,1,1,2
Journal of End,Americas,Physical,1996,8,22,1,1,5
Revista del gerente,Europe,Life,1862,8,15,0,1,6
Journal de crayon,Europe,Life,1929,8,13,0,1,4
Journal of Shop,Asia,Life,1960,8,8,1,1,5
Journal of Flesh,Americas,Social,1998,8,20,1,1,7
Journal of Angle,Americas,Formal,1973,7,6,1,1,3
Journal of Drain,Asia,Life,1996,7,7,1,1,5
Journal de note,Europe,Life,1934,7,8,0,1,4
Journal de toit,Europe,Physical,1995,7,21,0,1,3
Journal de racine,Europe,Formal,1999,7,9,0,1,5
Journal of Weather,Americas,Physical,2007,7,15,1,1,3
Journal of Building,Americas,Physical,1968,7,9,1,1,3
Journal of Ship,Asia,Physical,1968,7,16,1,1,3
Revista de la barbilla,Americas,Social,1971,7,7,0,1,4
Revista de gatito,Europe,Physical,1960,7,12,0,1,4
Journal du gouverneur,Europe,Physical,1938,7,4,0,1,6
Journal de soie,Europe,Physical,1922,7,13,0,1,3
Zeitschrift der Gasse,Europe,Formal,1997,7,17,0,1,4
Journal of Wren,Africa,Social,2003,6,5,1,1,5
Journal of Bushes,Asia,Life,1989,6,12,1,1,7
Zeitschrift der Kette,Europe,Life,1998,6,9,0,1,4
Revista de relojes,Europe,Physical,1992,6,8,0,1,5
Revista de joya,Americas,Social,1974,6,9,0,1,6
Zeitschrift der Familie,Europe,Life,1978,6,7,0,1,3
Journal of Jewel,Europe,Formal,1952,6,10,1,1,2
Journal de voile,Europe,Social,2007,6,13,0,1,5
Revista de frontera,Americas,Physical,1955,6,7,0,1,3
Revista de manzanas,Europe,Formal,1923,6,7,0,1,3
Revista de tienda,Europe,Formal,1971,6,10,0,1,4
Journal of Impulse,Americas,Physical,1970,6,11,1,1,5
Journal de chambre,Europe,Social,1968,6,12,0,1,4
Journal of Sun,Americas,Formal,1973,6,14,1,1,5
Journal of Thing,Europe,Social,2002,5,13,1,1,5
Revista de grifo,Europe,Social,1928,5,10,0,1,8
Journal of Ice,Europe,Life,1985,5,14,1,1,4
Journal of Tax,Europe,Life,1942,5,6,1,1,2
Revista de vela,Americas,Life,2004,5,12,0,1,2
Revista de carpintero,Europe,Social,1972,5,4,0,1,6
Revista de libro,Europe,Physical,1945,5,9,0,1,3
Journal de la mer,Europe,Life,1988,5,21,0,1,3
Revista de varilla,Europe,Life,1972,5,14,0,1,5
Journal of Plane,Europe,Social,1955,5,4,1,1,3
Zeitschrift des Besitzers,Europe,Social,1950,5,7,0,1,4
Journal of Bee,Europe,Physical,1986,5,11,1,1,4
Zeitschrift des Fans,Europe,Physical,1952,4,10,0,1,3
Journal of Lock,Europe,Physical,1970,4,11,1,1,5
Revista de bebes,Americas,Physical,1974,4,3,0,1,7
Revista de chispa,Europe,Life,1978,4,11,0,1,5
Revista de tornillo,Europe,Social,1982,4,15,0,1,2
Revista de techo,Europe,Formal,1991,4,8,0,1,3
Zeitschrift der Eule,Europe,Social,2000,4,14,0,1,3
Journal de bord de mer,Europe,Social,1987,4,13,0,1,3
Revista de tijeras,Europe,Physical,1951,3,8,0,1,2
Revista de sonido,Europe,Life,1951,3,9,0,1,4
Revista de sal,Europe,Social,1973,3,8,0,0,2
Revista de raz,Europe,Social,1953,3,8,0,1,3
Revista de corcho,Europe,Life,1970,3,6,0,1,5
Revista de secretaria,Americas,Physical,2001,3,8,0,1,2
Journal of Basketball,Europe,Social,1998,3,7,1,1,3
Journal of Writing,Americas,Physical,1974,3,8,1,1,3
Journal of Health,Americas,Formal,2001,3,6,1,1,3
Revista del crimen,Europe,Physical,1991,3,11,0,1,5
Revista del buque,Americas,Physical,1959,2,7,0,1,5
Journal de bateau,Europe,Social,1972,2,11,0,1,3
Revista de pin,Europe,Social,1956,2,11,0,1,4
Revista de arena,Europe,Formal,1938,2,3,0,1,2
Journal of Van,Americas,Physical,1977,2,5,1,1,3
Journal de sable,Europe,Formal,1974,1,10,0,1,3
Revista de habitacion,Europe,Physical,1956,1,12,0,1,3
